-- MySQL Script generated by MySQL Workbench
-- Sun Feb  2 19:41:50 2020
-- Model: New Model    Version: 1.0
-- MySQL Workbench Forward Engineering


-- -----------------------------------------------------
-- Schema mydb
-- -----------------------------------------------------

-- -----------------------------------------------------
-- Schema mydb
-- -----------------------------------------------------
CREATE SCHEMA IF NOT EXISTS mydb DEFAULT CHARACTER SET utf8 ;
USE mydb ;

-- -----------------------------------------------------
-- Table mydb.Producto
-- -----------------------------------------------------
CREATE TABLE IF NOT EXISTS mydb.Producto (
  ID INT NOT NULL,
  Lote INT NOT NULL,
  Variedad VARCHAR(45) NULL,
  Epoca VARCHAR(45) NULL,
  Fecha_Recogida DATE NOT NULL,
  Fecha_Caducidad DATE NOT NULL,
  Tipo VARCHAR(45) NOT NULL,
  Precio/KG FLOAT NOT NULL,
  Stock FLOAT NULL,
  PRIMARY KEY (ID, Lote))
 ;


-- -----------------------------------------------------
-- Table mydb.Productor_local
-- -----------------------------------------------------
CREATE TABLE IF NOT EXISTS mydb.Productor_local (
  NIF CHAR(9) NOT NULL,
  Teléfono INT NULL,
  Email VARCHAR(45) NULL,
  PRIMARY KEY (NIF))
 ;


-- -----------------------------------------------------
-- Table mydb.Pedido
-- -----------------------------------------------------
CREATE TABLE IF NOT EXISTS mydb.Pedido (
  ID INT NOT NULL,
  Total FLOAT,
  Cantidad FLOAT NULL,
  PRIMARY KEY (ID))
 ;


-- -----------------------------------------------------
-- Table mydb.Compra
-- -----------------------------------------------------
CREATE TABLE IF NOT EXISTS mydb.Compra (
  Fecha_compra DATE NOT NULL,
  ID_Ticket INT NOT NULL,
  Importe FLOAT,
  PRIMARY KEY (Fecha_compra,   ID_Ticket))
 ;


-- -----------------------------------------------------
-- Table mydb.Empleado
-- -----------------------------------------------------
CREATE TABLE IF NOT EXISTS mydb.Empleado (
  NSS CHAR(16) NOT NULL,
  DNI CHAR(9) NOT NULL,
  Salario FLOAT NULL,
  Turno VARCHAR(45) NULL,
  Fecha_inicio_contrato DATE NULL,
  Fecha_fin_contrato DATE NULL,
  Tipo VARCHAR(45) NOT NULL,
  PRIMARY KEY (NSS),
  UNIQUE INDEX DNI_UNIQUE (DNI ASC) VISIBLE)
 ;


-- -----------------------------------------------------
-- Table mydb.Cliente_Credito
-- -----------------------------------------------------
CREATE TABLE IF NOT EXISTS mydb.Cliente_Credito (
  DNI CHAR(9) NOT NULL,
  Nombre VARCHAR(45) NULL,
  Apellido1 VARCHAR(45) NULL,
  Apellido2 VARCHAR(45) NULL,
  Calle VARCHAR(45) NULL,
  Provincia VARCHAR(45) NULL,
  Codigo_Postal INT NULL,
  PRIMARY KEY (DNI))
 ;


-- -----------------------------------------------------
-- Table mydb.Pago
-- -----------------------------------------------------
CREATE TABLE IF NOT EXISTS mydb.Pago (
  Fecha_Pago DATE NOT NULL,
  Fecha_Compra DATE NOT NULL,
  ID_Ticket INT NOT NULL,
  NSS_Empleado CHAR(16) NOT NULL,
  DNI_CCredito CHAR(9) NULL,
  Fecha_Límite DATE NULL,
  PRIMARY KEY (Fecha_Pago, Fecha_Compra, ID_Ticket),
  INDEX Pago_compra_idx (Fecha_Compra ASC, ID_Ticket ASC) VISIBLE,
  INDEX Pago_Empleado_idx (NSS_Empleado ASC) VISIBLE,
  INDEX Pago_cliente_idx (DNI_CCredito ASC) VISIBLE,
  CONSTRAINT Pago_compra
    FOREIGN KEY (Fecha_Compra , ID_Ticket)
    REFERENCES mydb.Compra (Fecha_compra , ID_Ticket)
    ON DELETE RESTRICT
    ON UPDATE CASCADE,
  CONSTRAINT Pago_Empleado
    FOREIGN KEY (NSS_Empleado)
    REFERENCES mydb.Empleado (NSS)
    ON DELETE RESTRICT
    ON UPDATE RESTRICT,
  CONSTRAINT Pago_cliente
    FOREIGN KEY (DNI_CCredito)
    REFERENCES mydb.Cliente_Credito (DNI)
    ON DELETE RESTRICT
    ON UPDATE CASCADE)
 ;


-- -----------------------------------------------------
-- Table mydb.Distribuidor
-- -----------------------------------------------------
CREATE TABLE IF NOT EXISTS mydb.Distribuidor (
  NIF CHAR(9) NOT NULL,
  Teléfono INT NULL,
  Email VARCHAR(45) NULL,
  PRIMARY KEY (NIF))
 ;


-- -----------------------------------------------------
-- Table mydb.compra_clientecredito
-- -----------------------------------------------------
CREATE TABLE IF NOT EXISTS mydb.compra_clientecredito (
  ID_ticket INT NOT NULL,
  Fecha_compra DATE NOT NULL,
  DNI CHAR(9) NOT NULL,
  PRIMARY KEY (ID_ticket, Fecha_compra, DNI),
  INDEX Cliente_cc_idx (DNI ASC) VISIBLE,
  CONSTRAINT Compra_cc
    FOREIGN KEY (ID_ticket , Fecha_compra)
    REFERENCES mydb.Compra (ID_Ticket , Fecha_compra)
    ON DELETE RESTRICT
    ON UPDATE CASCADE,
  CONSTRAINT Cliente_cc
    FOREIGN KEY (DNI)
    REFERENCES mydb.Cliente_Credito (DNI)
    ON DELETE RESTRICT
    ON UPDATE CASCADE)
 ;


-- -----------------------------------------------------
-- Table mydb.Ganadero
-- -----------------------------------------------------
CREATE TABLE IF NOT EXISTS mydb.Ganadero (
  DNI CHAR(9) NOT NULL,
  Nombre VARCHAR(45) NULL,
  Apellido1 VARCHAR(45) NULL,
  Apellido2 VARCHAR(45) NULL,
  Calle VARCHAR(45) NULL,
  Provincia VARCHAR(45) NULL,
  Codigo_Postal INT NULL,
  PRIMARY KEY (DNI))
 ;


-- -----------------------------------------------------
-- Table mydb.compra_ganadero
-- -----------------------------------------------------
CREATE TABLE IF NOT EXISTS mydb.compra_ganadero (
  ID_ticket INT NOT NULL,
  Fecha_compra DATE NOT NULL,
  DNI CHAR(9) NOT NULL,
  PRIMARY KEY (ID_ticket, Fecha_compra, DNI),
  INDEX Cliente_cc_idx (DNI ASC) VISIBLE,
  CONSTRAINT Compra_cc
    FOREIGN KEY (ID_ticket , Fecha_compra)
    REFERENCES mydb.Compra (ID_Ticket , Fecha_compra)
    ON DELETE RESTRICT
    ON UPDATE CASCADE,
  CONSTRAINT Cliente_cc
    FOREIGN KEY (DNI)
    REFERENCES mydb.Ganadero (DNI)
    ON DELETE RESTRICT
    ON UPDATE CASCADE)
 ;


-- -----------------------------------------------------
-- Table mydb.Cliente_Contado
-- -----------------------------------------------------
CREATE TABLE IF NOT EXISTS mydb.Cliente_Contado (
  DNI CHAR(9) NOT NULL,
  Nombre VARCHAR(45) NULL,
  Apellido1 VARCHAR(45) NULL,
  Apellido2 VARCHAR(45) NULL,
  Calle VARCHAR(45) NULL,
  Provincia VARCHAR(45) NULL,
  Codigo_Postal INT NULL,
  PRIMARY KEY (DNI))
 ;


-- -----------------------------------------------------
-- Table mydb.Producto_compra
-- -----------------------------------------------------
CREATE TABLE IF NOT EXISTS mydb.Producto_compra (
  ID_Producto INT NOT NULL,
  Lote INT NOT NULL,
  Fecha_Compra DATE NOT NULL,
  ID_ticket INT NOT NULL,
  Peso FLOAT NULL,
  PRIMARY KEY (ID_Producto, Lote, Fecha_Compra, ID_ticket),
  INDEX Compra_pc_idx (Fecha_Compra ASC, ID_ticket ASC) VISIBLE,
  CONSTRAINT Producto_pc
    FOREIGN KEY (ID_Producto , Lote)
    REFERENCES mydb.Producto (ID , Lote)
    ON DELETE RESTRICT
    ON UPDATE CASCADE,
  CONSTRAINT Compra_pc
    FOREIGN KEY (Fecha_Compra , ID_ticket)
    REFERENCES mydb.Compra (Fecha_compra , ID_Ticket)
    ON DELETE RESTRICT
    ON UPDATE CASCADE)
 ;


-- -----------------------------------------------------
-- Table mydb.Producto_Pedido
-- -----------------------------------------------------
CREATE TABLE IF NOT EXISTS mydb.Producto_Pedido (
  Lote INT NOT NULL,
  ID_Producto INT NOT NULL,
  ID_pedido INT NOT NULL,
  PRIMARY KEY (Lote, ID_Producto, ID_pedido),
  INDEX Pedido_pp_idx (ID_pedido ASC) VISIBLE,
  CONSTRAINT Producto_pp
    FOREIGN KEY (Lote , ID_Producto)
    REFERENCES mydb.Producto (ID , Lote)
    ON DELETE RESTRICT
    ON UPDATE CASCADE,
  CONSTRAINT Pedido_pp
    FOREIGN KEY (ID_pedido)
    REFERENCES mydb.Pedido (ID)
    ON DELETE RESTRICT
    ON UPDATE CASCADE)
 ;


-- -----------------------------------------------------
-- Table mydb.Productorlocal_pedido
-- -----------------------------------------------------
CREATE TABLE IF NOT EXISTS mydb.Productorlocal_pedido (
  NIF CHAR(9) NOT NULL,
  ID Pedido INT NOT NULL,
  PRIMARY KEY (NIF, ID Pedido),
  INDEX Pedido_plp_idx (ID Pedido ASC) VISIBLE,
  CONSTRAINT Productorlocal_plp
    FOREIGN KEY (NIF)
    REFERENCES mydb.Productor_local (NIF)
    ON DELETE RESTRICT
    ON UPDATE CASCADE,
  CONSTRAINT Pedido_plp
    FOREIGN KEY (ID Pedido)
    REFERENCES mydb.Pedido (ID)
    ON DELETE RESTRICT
    ON UPDATE CASCADE)
 ;


-- -----------------------------------------------------
-- Table mydb.Distribuidor_pedido
-- -----------------------------------------------------
CREATE TABLE IF NOT EXISTS mydb.Distribuidor_pedido (
  NIF CHAR(9) NOT NULL,
  ID Pedido INT NOT NULL,
  Etiqueta_origen VARCHAR(45) NOT NULL,
  PRIMARY KEY (NIF, ID Pedido),
  INDEX Pedido_plp_idx (ID Pedido ASC) VISIBLE,
  CONSTRAINT Distribuidor_dp
    FOREIGN KEY (NIF)
    REFERENCES mydb.Distribuidor (NIF)
    ON DELETE RESTRICT
    ON UPDATE CASCADE,
  CONSTRAINT Pedido_dp
    FOREIGN KEY (ID Pedido)
    REFERENCES mydb.Pedido (ID)
    ON DELETE RESTRICT
    ON UPDATE CASCADE)
 ;


-- -----------------------------------------------------
-- Table mydb.compra_clientecontado
-- -----------------------------------------------------
CREATE TABLE IF NOT EXISTS mydb.compra_clientecontado (
  ID_ticket INT NOT NULL,
  Fecha_compra DATE NOT NULL,
  DNI CHAR(9) NOT NULL,
  PRIMARY KEY (ID_ticket, Fecha_compra, DNI),
  INDEX Cliente_cc_idx (DNI ASC) VISIBLE,
  CONSTRAINT Compra_cc
    FOREIGN KEY (ID_ticket , Fecha_compra)
    REFERENCES mydb.Compra (ID_Ticket , Fecha_compra)
    ON DELETE RESTRICT
    ON UPDATE CASCADE,
  CONSTRAINT Cliente_cc
    FOREIGN KEY (DNI)
    REFERENCES mydb.Cliente_Contado (DNI)
    ON DELETE RESTRICT
    ON UPDATE CASCADE)
 ;



-- -----------------------------------------------------
-- Data for table mydb.Producto
-- -----------------------------------------------------
START TRANSACTION;
USE mydb;
INSERT INTO mydb.Producto (ID, Lote, Variedad, Epoca, Fecha_Recogida, Fecha_Caducidad, Tipo, Precio/KG, Stock) VALUES (001, 1230, '', 'Verano', '20/06/2020', '30/06/2020', 'Fruta', 1.2, 12.5);
INSERT INTO mydb.Producto (ID, Lote, Variedad, Epoca, Fecha_Recogida, Fecha_Caducidad, Tipo, Precio/KG, Stock) VALUES (002, 4512, NULL, 'Verano', '23/06/2020', '03/07/2020', 'Verdura', 1.5, 8.2);
INSERT INTO mydb.Producto (ID, Lote, Variedad, Epoca, Fecha_Recogida, Fecha_Caducidad, Tipo, Precio/KG, Stock) VALUES (003, 4147, NULL, 'Verano', '14/06/2020', '24/06/2020', 'Fruta', 2.2, 25.7);
INSERT INTO mydb.Producto (ID, Lote, Variedad, Epoca, Fecha_Recogida, Fecha_Caducidad, Tipo, Precio/KG, Stock) VALUES (004, 7854, NULL, 'Verano', '18/06/2020', '28/06/2020', 'Verdura', 3.3, 6.5);
INSERT INTO mydb.Producto (ID, Lote, Variedad, Epoca, Fecha_Recogida, Fecha_Caducidad, Tipo, Precio/KG, Stock) VALUES (005, 1210, NULL, 'Verano', '16/06/2020', '27/06/2020', 'Fruta', 2.1, 7.12);
INSERT INTO mydb.Producto (ID, Lote, Variedad, Epoca, Fecha_Recogida, Fecha_Caducidad, Tipo, Precio/KG, Stock) VALUES (002, 6666, NULL, 'Verano', '30/06/2020', '12/07/2020', 'Verdura', 1.4, 8.9);

COMMIT;


-- -----------------------------------------------------
-- Data for table mydb.Productor_local
-- -----------------------------------------------------
START TRANSACTION;
USE mydb;
INSERT INTO mydb.Productor_local (NIF, Teléfono, Email) VALUES ('78455511L', 789123654, 'dkljdas@ddd.com');

COMMIT;


-- -----------------------------------------------------
-- Data for table mydb.Pedido
-- -----------------------------------------------------
START TRANSACTION;
USE mydb;
INSERT INTO mydb.Pedido (ID, Total, Cantidad) VALUES (001, NULL, 20);
INSERT INTO mydb.Pedido (ID, Total, Cantidad) VALUES (002, NULL, 8);
INSERT INTO mydb.Pedido (ID, Total, Cantidad) VALUES (003, NULL, 6);
INSERT INTO mydb.Pedido (ID, Total, Cantidad) VALUES (004, NULL, 4);

COMMIT;


-- -----------------------------------------------------
-- Data for table mydb.Compra
-- -----------------------------------------------------
START TRANSACTION;
USE mydb;
INSERT INTO mydb.Compra (Fecha_compra, ID_Ticket, Importe) VALUES ('25/12/2018', 001, NULL);
INSERT INTO mydb.Compra (Fecha_compra, ID_Ticket, Importe) VALUES ('24/03/2019', 002, NULL);
INSERT INTO mydb.Compra (Fecha_compra, ID_Ticket, Importe) VALUES ('28/12/2019', 002, NULL);
INSERT INTO mydb.Compra (Fecha_compra, ID_Ticket, Importe) VALUES ('28/06/2020', 003, NULL);

COMMIT;


-- -----------------------------------------------------
-- Data for table mydb.Empleado
-- -----------------------------------------------------
START TRANSACTION;
USE mydb;
INSERT INTO mydb.Empleado (NSS, DNI, Salario, Turno, Fecha_inicio_contrato, Fecha_fin_contrato, Tipo) VALUES ('789456123578945', '46588811M', , 'Tarde', '12/02/2018', '22/02/2020', 'Parcial');
INSERT INTO mydb.Empleado (NSS, DNI, Salario, Turno, Fecha_inicio_contrato, Fecha_fin_contrato, Tipo) VALUES ('789456123654784', '49855533O', NULL, 'Mañana', '25/06/2019', '', 'Fijo');

COMMIT;


-- -----------------------------------------------------
-- Data for table mydb.Cliente_Credito
-- -----------------------------------------------------
START TRANSACTION;
USE mydb;
INSERT INTO mydb.Cliente_Credito (DNI, Nombre, Apellido1, Apellido2, Calle, Provincia, Codigo_Postal) VALUES ('47899955S', 'akd', 'fdfd', 'ddfd', 'fdfs', 'fdd', 98562);
INSERT INTO mydb.Cliente_Credito (DNI, Nombre, Apellido1, Apellido2, Calle, Provincia, Codigo_Postal) VALUES ('46255588L', 'dfks', 'fgr', 'dfdf', 'dfdd', 'ffd', 78542);

COMMIT;


-- -----------------------------------------------------
-- Data for table mydb.Pago
-- -----------------------------------------------------
START TRANSACTION;
USE mydb;
INSERT INTO mydb.Pago (Fecha_Pago, Fecha_Compra, ID_Ticket, NSS_Empleado, DNI_CCredito, Fecha_Límite) VALUES ('25/12/2018', '25/12/2018', 001, '789456123578945', '', NULL);
INSERT INTO mydb.Pago (Fecha_Pago, Fecha_Compra, ID_Ticket, NSS_Empleado, DNI_CCredito, Fecha_Límite) VALUES ('29/03/2019', '24/03/2019', 002, '789456123578945', '47899955S', '09/04/2019');
INSERT INTO mydb.Pago (Fecha_Pago, Fecha_Compra, ID_Ticket, NSS_Empleado, DNI_CCredito, Fecha_Límite) VALUES ('28/12/2019', '28/12/2019', 002, '789456123654784', NULL, NULL);
INSERT INTO mydb.Pago (Fecha_Pago, Fecha_Compra, ID_Ticket, NSS_Empleado, DNI_CCredito, Fecha_Límite) VALUES ('28/06/2020', '28/06/2019', 003, '789456123654784', NULL, NULL);

COMMIT;


-- -----------------------------------------------------
-- Data for table mydb.Distribuidor
-- -----------------------------------------------------
START TRANSACTION;
USE mydb;
INSERT INTO mydb.Distribuidor (NIF, Teléfono, Email) VALUES ('78544412P', 987456321, 'efdokd@dkkd.com');
INSERT INTO mydb.Distribuidor (NIF, Teléfono, Email) VALUES ('54966688L', 985145821, 'dkjxhs@ksks.com');

COMMIT;


-- -----------------------------------------------------
-- Data for table mydb.compra_clientecredito
-- -----------------------------------------------------
START TRANSACTION;
USE mydb;
INSERT INTO mydb.compra_clientecredito (ID_ticket, Fecha_compra, DNI) VALUES (002, '25/12/2018', '47899955S');

COMMIT;


-- -----------------------------------------------------
-- Data for table mydb.Ganadero
-- -----------------------------------------------------
START TRANSACTION;
USE mydb;
INSERT INTO mydb.Ganadero (DNI, Nombre, Apellido1, Apellido2, Calle, Provincia, Codigo_Postal) VALUES ('46577788L', 'Ana', 'Sastre', 'Raste', 'jskl', 'soakl', 38521);
INSERT INTO mydb.Ganadero (DNI, Nombre, Apellido1, Apellido2, Calle, Provincia, Codigo_Postal) VALUES ('45899932M', 'Lucas', 'Morado', 'Liso', 'ssd', 'sl', 39521);

COMMIT;


-- -----------------------------------------------------
-- Data for table mydb.compra_ganadero
-- -----------------------------------------------------
START TRANSACTION;
USE mydb;
INSERT INTO mydb.compra_ganadero (ID_ticket, Fecha_compra, DNI) VALUES (003, '28/06/2020', '46577788L');

COMMIT;


-- -----------------------------------------------------
-- Data for table mydb.Cliente_Contado
-- -----------------------------------------------------
START TRANSACTION;
USE mydb;
INSERT INTO mydb.Cliente_Contado (DNI, Nombre, Apellido1, Apellido2, Calle, Provincia, Codigo_Postal) VALUES ('47522277K', 'Mario', 'sds', 'dds', 'dgfd', 'gfss', 36874);
INSERT INTO mydb.Cliente_Contado (DNI, Nombre, Apellido1, Apellido2, Calle, Provincia, Codigo_Postal) VALUES ('47566215L', 'Silvia', 'sd', 'dds', 'dfgfg', 'ffd', 38527);

COMMIT;


-- -----------------------------------------------------
-- Data for table mydb.Producto_compra
-- -----------------------------------------------------
START TRANSACTION;
USE mydb;
INSERT INTO mydb.Producto_compra (ID_Producto, Lote, Fecha_Compra, ID_ticket, Peso) VALUES (001, 1230, '25/12/2018', 001, 2.5);
INSERT INTO mydb.Producto_compra (ID_Producto, Lote, Fecha_Compra, ID_ticket, Peso) VALUES (002, 4512, '25/12/2018', 001, 2.6);
INSERT INTO mydb.Producto_compra (ID_Producto, Lote, Fecha_Compra, ID_ticket, Peso) VALUES (003, 4147, '24/03/2019', 002, 1);
INSERT INTO mydb.Producto_compra (ID_Producto, Lote, Fecha_Compra, ID_ticket, Peso) VALUES (004, 7854, '24/03/2019', 002, 1.5);
INSERT INTO mydb.Producto_compra (ID_Producto, Lote, Fecha_Compra, ID_ticket, Peso) VALUES (005, 1210, '24/03/2019', 002, 2.2);
INSERT INTO mydb.Producto_compra (ID_Producto, Lote, Fecha_Compra, ID_ticket, Peso) VALUES (002, 6666, '28/12/2019', 002, 0.5);
INSERT INTO mydb.Producto_compra (ID_Producto, Lote, Fecha_Compra, ID_ticket, Peso) VALUES (001, 1230, '28/12/2019', 002, 3);
INSERT INTO mydb.Producto_compra (ID_Producto, Lote, Fecha_Compra, ID_ticket, Peso) VALUES (003, 4147, '28/12/2019', 002, 2.2);
INSERT INTO mydb.Producto_compra (ID_Producto, Lote, Fecha_Compra, ID_ticket, Peso) VALUES (004, 7854, '28/06/2020', 003, 1);

COMMIT;


-- -----------------------------------------------------
-- Data for table mydb.Producto_Pedido
-- -----------------------------------------------------
START TRANSACTION;
USE mydb;
INSERT INTO mydb.Producto_Pedido (Lote, ID_Producto, ID_pedido) VALUES (1230, 001, 001);
INSERT INTO mydb.Producto_Pedido (Lote, ID_Producto, ID_pedido) VALUES (4512, 002, 001);
INSERT INTO mydb.Producto_Pedido (Lote, ID_Producto, ID_pedido) VALUES (4147, 003, 002);
INSERT INTO mydb.Producto_Pedido (Lote, ID_Producto, ID_pedido) VALUES (7854, 004, 003);
INSERT INTO mydb.Producto_Pedido (Lote, ID_Producto, ID_pedido) VALUES (1210, 005, 004);
INSERT INTO mydb.Producto_Pedido (Lote, ID_Producto, ID_pedido) VALUES (6666, 002, 002);

COMMIT;


-- -----------------------------------------------------
-- Data for table mydb.Productorlocal_pedido
-- -----------------------------------------------------
START TRANSACTION;
USE mydb;
INSERT INTO mydb.Productorlocal_pedido (NIF, ID Pedido) VALUES ('78455511L', 003);
INSERT INTO mydb.Productorlocal_pedido (NIF, ID Pedido) VALUES ('78455511L', 004);

COMMIT;


-- -----------------------------------------------------
-- Data for table mydb.Distribuidor_pedido
-- -----------------------------------------------------
START TRANSACTION;
USE mydb;
INSERT INTO mydb.Distribuidor_pedido (NIF, ID Pedido, Etiqueta_origen) VALUES ('78544412P', 001, '1234565678');
INSERT INTO mydb.Distribuidor_pedido (NIF, ID Pedido, Etiqueta_origen) VALUES ('54966688L', 002, '4785456647');

COMMIT;


-- -----------------------------------------------------
-- Data for table mydb.compra_clientecontado
-- -----------------------------------------------------
START TRANSACTION;
USE mydb;
INSERT INTO mydb.compra_clientecontado (ID_ticket, Fecha_compra, DNI) VALUES (001, '25/12/2018', '47566215L');
INSERT INTO mydb.compra_clientecontado (ID_ticket, Fecha_compra, DNI) VALUES (002, '28/12/2019', '47566215L');

COMMIT;

